name,color
胡夏官方粉丝团,#999999
杨澜访谈录,#984EA3
彭宥纶觉得没意思,#A65628
大公報-大公網,#E41A1C
新浪娱乐,#4DAF4A
Awesomethings,#FF7F00
成都商报,#E41A1C
我的厕所读物,#F781BF
猫扑,#984EA3
中国娱乐报道官微,#A65628
微博搞笑排行榜,#999999
英国时报,#984EA3
芙蓉姐姐,#984EA3
GEM鄧紫棋,#984EA3
电影票房,#984EA3
范世錡xxxF,#F781BF
林更新,#FFFF33
新浪电影,#F781BF
56网,#F781BF
-Fashionbaby,#F781BF
NewBalance中国,#FFFF33
八卦_我实在是太CJ了,#E41A1C
刘同同学后援会,#E41A1C
致我们呼啸而过的青春,#FFFF33
途牛旅游网,#FFFF33
囚清,#FF7F00
马伯庸,#FF7F00
霧霭少女,#999999
治愈系心理学,#984EA3
新浪娱乐客户端,#377EB8
经典丶微小说,#377EB8
思想聚焦,#4DAF4A
清华南都,#984EA3
刘同,#A65628
魏晨,#4DAF4A
音乐风云榜榜单,#984EA3
周冬雨,#377EB8
广州长隆欢乐世界,#FF7F00
Mike隋,#377EB8
FASHION发现,#FFFF33
新手指南,#FF7F00
公元1874,#FF7F00
宅腐集中营,#F781BF
伟大的安妮,#E41A1C
同桌的妳电影,#F781BF
华尔街日报中文网,#999999
少女醫生,#377EB8
missA佳,#999999
南笙,#FF7F00
我的前任是极品,#F781BF
笔寞,#984EA3
看电影周刊,#984EA3
高希希,#F781BF
那些年那些鸟事,#984EA3
冷夜八客,#A65628
八哥专用,#FF7F00
江西日报,#999999
一句心情签名,#377EB8
王啸坤,#F781BF
胡夏,#4DAF4A
电影催眠大师,#A65628
谁感动了你,#984EA3
南昌资讯,#984EA3
人民日报,#377EB8
微音乐,#A65628
一起去旅行,#F781BF
橘話,#FF7F00
假装在纽约,#A65628
Karen莫文蔚,#A65628
